{
  "mean": 159.79151916503906,
  "std": 46.452205657958984
}